,A,C,D,E,F,G,H,I,K,L,M,N,P,Q,R,S,T,V,W,Y,X,B,U,Z
innerEndIO1,0.104441,0.0141024,0.00713454,0.00716364,0.0961528,0.0562089,0.00959053,0.100433,0.00966158,0.205966,0.0414329,0.0168898,0.0182519,0.00823595,0.0155126,0.0366433,0.0369284,0.105292,0.0397981,0.0701605,0.0,0.0,0.0,0.0
innerEndIO2,0.104441,0.0141024,0.00713454,0.00716364,0.0961528,0.0562089,0.00959053,0.100433,0.00966158,0.205966,0.0414329,0.0168898,0.0182519,0.00823595,0.0155126,0.0366433,0.0369284,0.105292,0.0397981,0.0701605,0.0,0.0,0.0,0.0
innerEndIO3,0.104441,0.0141024,0.00713454,0.00716364,0.0961528,0.0562089,0.00959053,0.100433,0.00966158,0.205966,0.0414329,0.0168898,0.0182519,0.00823595,0.0155126,0.0366433,0.0369284,0.105292,0.0397981,0.0701605,0.0,0.0,0.0,0.0
innerEndIO4,0.104441,0.0141024,0.00713454,0.00716364,0.0961528,0.0562089,0.00959053,0.100433,0.00966158,0.205966,0.0414329,0.0168898,0.0182519,0.00823595,0.0155126,0.0366433,0.0369284,0.105292,0.0397981,0.0701605,0.0,0.0,0.0,0.0
helixIOLengthDist,0.125718,0.0256954,0.00371686,0.00394872,0.0912202,0.0720512,0.00508179,0.132166,0.00204625,0.189386,0.0412358,0.00779492,0.0135996,0.00548422,0.00202563,0.0456952,0.0513129,0.146299,0.0159998,0.0195234,0.0,0.0,0.0,0.0
helixIO26,0.125718,0.0256954,0.00371686,0.00394872,0.0912202,0.0720512,0.00508179,0.132166,0.00204625,0.189386,0.0412358,0.00779492,0.0135996,0.00548422,0.00202563,0.0456952,0.0513129,0.146299,0.0159998,0.0195234,0.0,0.0,0.0,0.0
helixIO25,0.125718,0.0256954,0.00371686,0.00394872,0.0912202,0.0720512,0.00508179,0.132166,0.00204625,0.189386,0.0412358,0.00779492,0.0135996,0.00548422,0.00202563,0.0456952,0.0513129,0.146299,0.0159998,0.0195234,0.0,0.0,0.0,0.0
helixIO24,0.125718,0.0256954,0.00371686,0.00394872,0.0912202,0.0720512,0.00508179,0.132166,0.00204625,0.189386,0.0412358,0.00779492,0.0135996,0.00548422,0.00202563,0.0456952,0.0513129,0.146299,0.0159998,0.0195234,0.0,0.0,0.0,0.0
helixIO23,0.125718,0.0256954,0.00371686,0.00394872,0.0912202,0.0720512,0.00508179,0.132166,0.00204625,0.189386,0.0412358,0.00779492,0.0135996,0.00548422,0.00202563,0.0456952,0.0513129,0.146299,0.0159998,0.0195234,0.0,0.0,0.0,0.0
helixIO22,0.125718,0.0256954,0.00371686,0.00394872,0.0912202,0.0720512,0.00508179,0.132166,0.00204625,0.189386,0.0412358,0.00779492,0.0135996,0.00548422,0.00202563,0.0456952,0.0513129,0.146299,0.0159998,0.0195234,0.0,0.0,0.0,0.0
helixIO21,0.125718,0.0256954,0.00371686,0.00394872,0.0912202,0.0720512,0.00508179,0.132166,0.00204625,0.189386,0.0412358,0.00779492,0.0135996,0.00548422,0.00202563,0.0456952,0.0513129,0.146299,0.0159998,0.0195234,0.0,0.0,0.0,0.0
helixIO20,0.125718,0.0256954,0.00371686,0.00394872,0.0912202,0.0720512,0.00508179,0.132166,0.00204625,0.189386,0.0412358,0.00779492,0.0135996,0.00548422,0.00202563,0.0456952,0.0513129,0.146299,0.0159998,0.0195234,0.0,0.0,0.0,0.0
helixIO19,0.125718,0.0256954,0.00371686,0.00394872,0.0912202,0.0720512,0.00508179,0.132166,0.00204625,0.189386,0.0412358,0.00779492,0.0135996,0.00548422,0.00202563,0.0456952,0.0513129,0.146299,0.0159998,0.0195234,0.0,0.0,0.0,0.0
helixIO18,0.125718,0.0256954,0.00371686,0.00394872,0.0912202,0.0720512,0.00508179,0.132166,0.00204625,0.189386,0.0412358,0.00779492,0.0135996,0.00548422,0.00202563,0.0456952,0.0513129,0.146299,0.0159998,0.0195234,0.0,0.0,0.0,0.0
helixIO17,0.125718,0.0256954,0.00371686,0.00394872,0.0912202,0.0720512,0.00508179,0.132166,0.00204625,0.189386,0.0412358,0.00779492,0.0135996,0.00548422,0.00202563,0.0456952,0.0513129,0.146299,0.0159998,0.0195234,0.0,0.0,0.0,0.0
helixIO16,0.125718,0.0256954,0.00371686,0.00394872,0.0912202,0.0720512,0.00508179,0.132166,0.00204625,0.189386,0.0412358,0.00779492,0.0135996,0.00548422,0.00202563,0.0456952,0.0513129,0.146299,0.0159998,0.0195234,0.0,0.0,0.0,0.0
helixIO15,0.125718,0.0256954,0.00371686,0.00394872,0.0912202,0.0720512,0.00508179,0.132166,0.00204625,0.189386,0.0412358,0.00779492,0.0135996,0.00548422,0.00202563,0.0456952,0.0513129,0.146299,0.0159998,0.0195234,0.0,0.0,0.0,0.0
helixIO14,0.125718,0.0256954,0.00371686,0.00394872,0.0912202,0.0720512,0.00508179,0.132166,0.00204625,0.189386,0.0412358,0.00779492,0.0135996,0.00548422,0.00202563,0.0456952,0.0513129,0.146299,0.0159998,0.0195234,0.0,0.0,0.0,0.0
helixIO13,0.125718,0.0256954,0.00371686,0.00394872,0.0912202,0.0720512,0.00508179,0.132166,0.00204625,0.189386,0.0412358,0.00779492,0.0135996,0.00548422,0.00202563,0.0456952,0.0513129,0.146299,0.0159998,0.0195234,0.0,0.0,0.0,0.0
helixIO12,0.125718,0.0256954,0.00371686,0.00394872,0.0912202,0.0720512,0.00508179,0.132166,0.00204625,0.189386,0.0412358,0.00779492,0.0135996,0.00548422,0.00202563,0.0456952,0.0513129,0.146299,0.0159998,0.0195234,0.0,0.0,0.0,0.0
helixIO11,0.125718,0.0256954,0.00371686,0.00394872,0.0912202,0.0720512,0.00508179,0.132166,0.00204625,0.189386,0.0412358,0.00779492,0.0135996,0.00548422,0.00202563,0.0456952,0.0513129,0.146299,0.0159998,0.0195234,0.0,0.0,0.0,0.0
helixIO10,0.125718,0.0256954,0.00371686,0.00394872,0.0912202,0.0720512,0.00508179,0.132166,0.00204625,0.189386,0.0412358,0.00779492,0.0135996,0.00548422,0.00202563,0.0456952,0.0513129,0.146299,0.0159998,0.0195234,0.0,0.0,0.0,0.0
helixIO9,0.125718,0.0256954,0.00371686,0.00394872,0.0912202,0.0720512,0.00508179,0.132166,0.00204625,0.189386,0.0412358,0.00779492,0.0135996,0.00548422,0.00202563,0.0456952,0.0513129,0.146299,0.0159998,0.0195234,0.0,0.0,0.0,0.0
helixIO8,0.125718,0.0256954,0.00371686,0.00394872,0.0912202,0.0720512,0.00508179,0.132166,0.00204625,0.189386,0.0412358,0.00779492,0.0135996,0.00548422,0.00202563,0.0456952,0.0513129,0.146299,0.0159998,0.0195234,0.0,0.0,0.0,0.0
helixIO7,0.125718,0.0256954,0.00371686,0.00394872,0.0912202,0.0720512,0.00508179,0.132166,0.00204625,0.189386,0.0412358,0.00779492,0.0135996,0.00548422,0.00202563,0.0456952,0.0513129,0.146299,0.0159998,0.0195234,0.0,0.0,0.0,0.0
helixIO6,0.125718,0.0256954,0.00371686,0.00394872,0.0912202,0.0720512,0.00508179,0.132166,0.00204625,0.189386,0.0412358,0.00779492,0.0135996,0.00548422,0.00202563,0.0456952,0.0513129,0.146299,0.0159998,0.0195234,0.0,0.0,0.0,0.0
helixIO5,0.125718,0.0256954,0.00371686,0.00394872,0.0912202,0.0720512,0.00508179,0.132166,0.00204625,0.189386,0.0412358,0.00779492,0.0135996,0.00548422,0.00202563,0.0456952,0.0513129,0.146299,0.0159998,0.0195234,0.0,0.0,0.0,0.0
helixIO4,0.125718,0.0256954,0.00371686,0.00394872,0.0912202,0.0720512,0.00508179,0.132166,0.00204625,0.189386,0.0412358,0.00779492,0.0135996,0.00548422,0.00202563,0.0456952,0.0513129,0.146299,0.0159998,0.0195234,0.0,0.0,0.0,0.0
helixIO3,0.125718,0.0256954,0.00371686,0.00394872,0.0912202,0.0720512,0.00508179,0.132166,0.00204625,0.189386,0.0412358,0.00779492,0.0135996,0.00548422,0.00202563,0.0456952,0.0513129,0.146299,0.0159998,0.0195234,0.0,0.0,0.0,0.0
helixIO2,0.125718,0.0256954,0.00371686,0.00394872,0.0912202,0.0720512,0.00508179,0.132166,0.00204625,0.189386,0.0412358,0.00779492,0.0135996,0.00548422,0.00202563,0.0456952,0.0513129,0.146299,0.0159998,0.0195234,0.0,0.0,0.0,0.0
outerEndIO1,0.10829,0.0011907,0.00428622,0.00478901,0.0955676,0.0652582,0.0140235,0.0946458,0.00598281,0.165969,0.038532,0.0153548,0.0290406,0.0142883,0.00969443,0.0463647,0.039902,0.0995781,0.0649984,0.0822437,0.0,0.0,0.0,0.0
outerEndIO2,0.10829,0.0011907,0.00428622,0.00478901,0.0955676,0.0652582,0.0140235,0.0946458,0.00598281,0.165969,0.038532,0.0153548,0.0290406,0.0142883,0.00969443,0.0463647,0.039902,0.0995781,0.0649984,0.0822437,0.0,0.0,0.0,0.0
outerEndIO3,0.10829,0.0011907,0.00428622,0.00478901,0.0955676,0.0652582,0.0140235,0.0946458,0.00598281,0.165969,0.038532,0.0153548,0.0290406,0.0142883,0.00969443,0.0463647,0.039902,0.0995781,0.0649984,0.0822437,0.0,0.0,0.0,0.0
outerEndIO4,0.10829,0.0011907,0.00428622,0.00478901,0.0955676,0.0652582,0.0140235,0.0946458,0.00598281,0.165969,0.038532,0.0153548,0.0290406,0.0142883,0.00969443,0.0463647,0.039902,0.0995781,0.0649984,0.0822437,0.0,0.0,0.0,0.0
outerEndOI1,0.10829,0.0011907,0.00428622,0.00478901,0.0955676,0.0652582,0.0140235,0.0946458,0.00598281,0.165969,0.038532,0.0153548,0.0290406,0.0142883,0.00969443,0.0463647,0.039902,0.0995781,0.0649984,0.0822437,0.0,0.0,0.0,0.0
outerEndOI2,0.10829,0.0011907,0.00428622,0.00478901,0.0955676,0.0652582,0.0140235,0.0946458,0.00598281,0.165969,0.038532,0.0153548,0.0290406,0.0142883,0.00969443,0.0463647,0.039902,0.0995781,0.0649984,0.0822437,0.0,0.0,0.0,0.0
outerEndOI3,0.10829,0.0011907,0.00428622,0.00478901,0.0955676,0.0652582,0.0140235,0.0946458,0.00598281,0.165969,0.038532,0.0153548,0.0290406,0.0142883,0.00969443,0.0463647,0.039902,0.0995781,0.0649984,0.0822437,0.0,0.0,0.0,0.0
outerEndOI4,0.10829,0.0011907,0.00428622,0.00478901,0.0955676,0.0652582,0.0140235,0.0946458,0.00598281,0.165969,0.038532,0.0153548,0.0290406,0.0142883,0.00969443,0.0463647,0.039902,0.0995781,0.0649984,0.0822437,0.0,0.0,0.0,0.0
helixOILengthDist,0.125718,0.0256954,0.00371686,0.00394872,0.0912202,0.0720512,0.00508179,0.132166,0.00204625,0.189386,0.0412358,0.00779492,0.0135996,0.00548422,0.00202563,0.0456952,0.0513129,0.146299,0.0159998,0.0195234,0.0,0.0,0.0,0.0
helixOI26,0.125718,0.0256954,0.00371686,0.00394872,0.0912202,0.0720512,0.00508179,0.132166,0.00204625,0.189386,0.0412358,0.00779492,0.0135996,0.00548422,0.00202563,0.0456952,0.0513129,0.146299,0.0159998,0.0195234,0.0,0.0,0.0,0.0
helixOI25,0.125718,0.0256954,0.00371686,0.00394872,0.0912202,0.0720512,0.00508179,0.132166,0.00204625,0.189386,0.0412358,0.00779492,0.0135996,0.00548422,0.00202563,0.0456952,0.0513129,0.146299,0.0159998,0.0195234,0.0,0.0,0.0,0.0
helixOI24,0.125718,0.0256954,0.00371686,0.00394872,0.0912202,0.0720512,0.00508179,0.132166,0.00204625,0.189386,0.0412358,0.00779492,0.0135996,0.00548422,0.00202563,0.0456952,0.0513129,0.146299,0.0159998,0.0195234,0.0,0.0,0.0,0.0
helixOI23,0.125718,0.0256954,0.00371686,0.00394872,0.0912202,0.0720512,0.00508179,0.132166,0.00204625,0.189386,0.0412358,0.00779492,0.0135996,0.00548422,0.00202563,0.0456952,0.0513129,0.146299,0.0159998,0.0195234,0.0,0.0,0.0,0.0
helixOI22,0.125718,0.0256954,0.00371686,0.00394872,0.0912202,0.0720512,0.00508179,0.132166,0.00204625,0.189386,0.0412358,0.00779492,0.0135996,0.00548422,0.00202563,0.0456952,0.0513129,0.146299,0.0159998,0.0195234,0.0,0.0,0.0,0.0
helixOI21,0.125718,0.0256954,0.00371686,0.00394872,0.0912202,0.0720512,0.00508179,0.132166,0.00204625,0.189386,0.0412358,0.00779492,0.0135996,0.00548422,0.00202563,0.0456952,0.0513129,0.146299,0.0159998,0.0195234,0.0,0.0,0.0,0.0
helixOI20,0.125718,0.0256954,0.00371686,0.00394872,0.0912202,0.0720512,0.00508179,0.132166,0.00204625,0.189386,0.0412358,0.00779492,0.0135996,0.00548422,0.00202563,0.0456952,0.0513129,0.146299,0.0159998,0.0195234,0.0,0.0,0.0,0.0
helixOI19,0.125718,0.0256954,0.00371686,0.00394872,0.0912202,0.0720512,0.00508179,0.132166,0.00204625,0.189386,0.0412358,0.00779492,0.0135996,0.00548422,0.00202563,0.0456952,0.0513129,0.146299,0.0159998,0.0195234,0.0,0.0,0.0,0.0
helixOI18,0.125718,0.0256954,0.00371686,0.00394872,0.0912202,0.0720512,0.00508179,0.132166,0.00204625,0.189386,0.0412358,0.00779492,0.0135996,0.00548422,0.00202563,0.0456952,0.0513129,0.146299,0.0159998,0.0195234,0.0,0.0,0.0,0.0
helixOI17,0.125718,0.0256954,0.00371686,0.00394872,0.0912202,0.0720512,0.00508179,0.132166,0.00204625,0.189386,0.0412358,0.00779492,0.0135996,0.00548422,0.00202563,0.0456952,0.0513129,0.146299,0.0159998,0.0195234,0.0,0.0,0.0,0.0
helixOI16,0.125718,0.0256954,0.00371686,0.00394872,0.0912202,0.0720512,0.00508179,0.132166,0.00204625,0.189386,0.0412358,0.00779492,0.0135996,0.00548422,0.00202563,0.0456952,0.0513129,0.146299,0.0159998,0.0195234,0.0,0.0,0.0,0.0
helixOI15,0.125718,0.0256954,0.00371686,0.00394872,0.0912202,0.0720512,0.00508179,0.132166,0.00204625,0.189386,0.0412358,0.00779492,0.0135996,0.00548422,0.00202563,0.0456952,0.0513129,0.146299,0.0159998,0.0195234,0.0,0.0,0.0,0.0
helixOI14,0.125718,0.0256954,0.00371686,0.00394872,0.0912202,0.0720512,0.00508179,0.132166,0.00204625,0.189386,0.0412358,0.00779492,0.0135996,0.00548422,0.00202563,0.0456952,0.0513129,0.146299,0.0159998,0.0195234,0.0,0.0,0.0,0.0
helixOI13,0.125718,0.0256954,0.00371686,0.00394872,0.0912202,0.0720512,0.00508179,0.132166,0.00204625,0.189386,0.0412358,0.00779492,0.0135996,0.00548422,0.00202563,0.0456952,0.0513129,0.146299,0.0159998,0.0195234,0.0,0.0,0.0,0.0
helixOI12,0.125718,0.0256954,0.00371686,0.00394872,0.0912202,0.0720512,0.00508179,0.132166,0.00204625,0.189386,0.0412358,0.00779492,0.0135996,0.00548422,0.00202563,0.0456952,0.0513129,0.146299,0.0159998,0.0195234,0.0,0.0,0.0,0.0
helixOI11,0.125718,0.0256954,0.00371686,0.00394872,0.0912202,0.0720512,0.00508179,0.132166,0.00204625,0.189386,0.0412358,0.00779492,0.0135996,0.00548422,0.00202563,0.0456952,0.0513129,0.146299,0.0159998,0.0195234,0.0,0.0,0.0,0.0
helixOI10,0.125718,0.0256954,0.00371686,0.00394872,0.0912202,0.0720512,0.00508179,0.132166,0.00204625,0.189386,0.0412358,0.00779492,0.0135996,0.00548422,0.00202563,0.0456952,0.0513129,0.146299,0.0159998,0.0195234,0.0,0.0,0.0,0.0
helixOI9,0.125718,0.0256954,0.00371686,0.00394872,0.0912202,0.0720512,0.00508179,0.132166,0.00204625,0.189386,0.0412358,0.00779492,0.0135996,0.00548422,0.00202563,0.0456952,0.0513129,0.146299,0.0159998,0.0195234,0.0,0.0,0.0,0.0
helixOI8,0.125718,0.0256954,0.00371686,0.00394872,0.0912202,0.0720512,0.00508179,0.132166,0.00204625,0.189386,0.0412358,0.00779492,0.0135996,0.00548422,0.00202563,0.0456952,0.0513129,0.146299,0.0159998,0.0195234,0.0,0.0,0.0,0.0
helixOI7,0.125718,0.0256954,0.00371686,0.00394872,0.0912202,0.0720512,0.00508179,0.132166,0.00204625,0.189386,0.0412358,0.00779492,0.0135996,0.00548422,0.00202563,0.0456952,0.0513129,0.146299,0.0159998,0.0195234,0.0,0.0,0.0,0.0
helixOI6,0.125718,0.0256954,0.00371686,0.00394872,0.0912202,0.0720512,0.00508179,0.132166,0.00204625,0.189386,0.0412358,0.00779492,0.0135996,0.00548422,0.00202563,0.0456952,0.0513129,0.146299,0.0159998,0.0195234,0.0,0.0,0.0,0.0
helixOI5,0.125718,0.0256954,0.00371686,0.00394872,0.0912202,0.0720512,0.00508179,0.132166,0.00204625,0.189386,0.0412358,0.00779492,0.0135996,0.00548422,0.00202563,0.0456952,0.0513129,0.146299,0.0159998,0.0195234,0.0,0.0,0.0,0.0
helixOI4,0.125718,0.0256954,0.00371686,0.00394872,0.0912202,0.0720512,0.00508179,0.132166,0.00204625,0.189386,0.0412358,0.00779492,0.0135996,0.00548422,0.00202563,0.0456952,0.0513129,0.146299,0.0159998,0.0195234,0.0,0.0,0.0,0.0
helixOI3,0.125718,0.0256954,0.00371686,0.00394872,0.0912202,0.0720512,0.00508179,0.132166,0.00204625,0.189386,0.0412358,0.00779492,0.0135996,0.00548422,0.00202563,0.0456952,0.0513129,0.146299,0.0159998,0.0195234,0.0,0.0,0.0,0.0
helixOI2,0.125718,0.0256954,0.00371686,0.00394872,0.0912202,0.0720512,0.00508179,0.132166,0.00204625,0.189386,0.0412358,0.00779492,0.0135996,0.00548422,0.00202563,0.0456952,0.0513129,0.146299,0.0159998,0.0195234,0.0,0.0,0.0,0.0
innerEndOI1,0.104441,0.0141024,0.00713454,0.00716364,0.0961528,0.0562089,0.00959053,0.100433,0.00966158,0.205966,0.0414329,0.0168898,0.0182519,0.00823595,0.0155126,0.0366433,0.0369284,0.105292,0.0397981,0.0701605,0.0,0.0,0.0,0.0
innerEndOI2,0.104441,0.0141024,0.00713454,0.00716364,0.0961528,0.0562089,0.00959053,0.100433,0.00966158,0.205966,0.0414329,0.0168898,0.0182519,0.00823595,0.0155126,0.0366433,0.0369284,0.105292,0.0397981,0.0701605,0.0,0.0,0.0,0.0
innerEndOI3,0.104441,0.0141024,0.00713454,0.00716364,0.0961528,0.0562089,0.00959053,0.100433,0.00966158,0.205966,0.0414329,0.0168898,0.0182519,0.00823595,0.0155126,0.0366433,0.0369284,0.105292,0.0397981,0.0701605,0.0,0.0,0.0,0.0
innerEndOI4,0.104441,0.0141024,0.00713454,0.00716364,0.0961528,0.0562089,0.00959053,0.100433,0.00966158,0.205966,0.0414329,0.0168898,0.0182519,0.00823595,0.0155126,0.0366433,0.0369284,0.105292,0.0397981,0.0701605,0.0,0.0,0.0,0.0
inTube1,0.0607744,0.00972669,0.0479493,0.0547882,0.0266003,0.0740532,0.0283636,0.0329976,0.101684,0.0572548,0.0376071,0.0474972,0.0543291,0.0511293,0.102204,0.0812413,0.0589999,0.0350916,0.0135542,0.0241536,0.0,0.0,0.0,0.0
inTube2,0.0607744,0.00972669,0.0479493,0.0547882,0.0266003,0.0740532,0.0283636,0.0329976,0.101684,0.0572548,0.0376071,0.0474972,0.0543291,0.0511293,0.102204,0.0812413,0.0589999,0.0350916,0.0135542,0.0241536,0.0,0.0,0.0,0.0
inTube3,0.0607744,0.00972669,0.0479493,0.0547882,0.0266003,0.0740532,0.0283636,0.0329976,0.101684,0.0572548,0.0376071,0.0474972,0.0543291,0.0511293,0.102204,0.0812413,0.0589999,0.0350916,0.0135542,0.0241536,0.0,0.0,0.0,0.0
inTube4,0.0607744,0.00972669,0.0479493,0.0547882,0.0266003,0.0740532,0.0283636,0.0329976,0.101684,0.0572548,0.0376071,0.0474972,0.0543291,0.0511293,0.102204,0.0812413,0.0589999,0.0350916,0.0135542,0.0241536,0.0,0.0,0.0,0.0
inTube5,0.0607744,0.00972669,0.0479493,0.0547882,0.0266003,0.0740532,0.0283636,0.0329976,0.101684,0.0572548,0.0376071,0.0474972,0.0543291,0.0511293,0.102204,0.0812413,0.0589999,0.0350916,0.0135542,0.0241536,0.0,0.0,0.0,0.0
inTube6,0.0607744,0.00972669,0.0479493,0.0547882,0.0266003,0.0740532,0.0283636,0.0329976,0.101684,0.0572548,0.0376071,0.0474972,0.0543291,0.0511293,0.102204,0.0812413,0.0589999,0.0350916,0.0135542,0.0241536,0.0,0.0,0.0,0.0
inTube7,0.0607744,0.00972669,0.0479493,0.0547882,0.0266003,0.0740532,0.0283636,0.0329976,0.101684,0.0572548,0.0376071,0.0474972,0.0543291,0.0511293,0.102204,0.0812413,0.0589999,0.0350916,0.0135542,0.0241536,0.0,0.0,0.0,0.0
inTube8,0.0607744,0.00972669,0.0479493,0.0547882,0.0266003,0.0740532,0.0283636,0.0329976,0.101684,0.0572548,0.0376071,0.0474972,0.0543291,0.0511293,0.102204,0.0812413,0.0589999,0.0350916,0.0135542,0.0241536,0.0,0.0,0.0,0.0
inTube9,0.0607744,0.00972669,0.0479493,0.0547882,0.0266003,0.0740532,0.0283636,0.0329976,0.101684,0.0572548,0.0376071,0.0474972,0.0543291,0.0511293,0.102204,0.0812413,0.0589999,0.0350916,0.0135542,0.0241536,0.0,0.0,0.0,0.0
inTube10,0.0607744,0.00972669,0.0479493,0.0547882,0.0266003,0.0740532,0.0283636,0.0329976,0.101684,0.0572548,0.0376071,0.0474972,0.0543291,0.0511293,0.102204,0.0812413,0.0589999,0.0350916,0.0135542,0.0241536,0.0,0.0,0.0,0.0
inGlob1,0.0855517,0.0203865,0.0691197,0.0707401,0.0269241,0.101917,0.0279045,0.0356139,0.0443177,0.0560563,0.0157066,0.0522558,0.0657199,0.0461867,0.0364072,0.074832,0.0766938,0.0542129,0.0144144,0.0250388,0.0,0.0,0.0,0.0
inTube11,0.0607744,0.00972669,0.0479493,0.0547882,0.0266003,0.0740532,0.0283636,0.0329976,0.101684,0.0572548,0.0376071,0.0474972,0.0543291,0.0511293,0.102204,0.0812413,0.0589999,0.0350916,0.0135542,0.0241536,0.0,0.0,0.0,0.0
inTube12,0.0607744,0.00972669,0.0479493,0.0547882,0.0266003,0.0740532,0.0283636,0.0329976,0.101684,0.0572548,0.0376071,0.0474972,0.0543291,0.0511293,0.102204,0.0812413,0.0589999,0.0350916,0.0135542,0.0241536,0.0,0.0,0.0,0.0
inTube13,0.0607744,0.00972669,0.0479493,0.0547882,0.0266003,0.0740532,0.0283636,0.0329976,0.101684,0.0572548,0.0376071,0.0474972,0.0543291,0.0511293,0.102204,0.0812413,0.0589999,0.0350916,0.0135542,0.0241536,0.0,0.0,0.0,0.0
inTube14,0.0607744,0.00972669,0.0479493,0.0547882,0.0266003,0.0740532,0.0283636,0.0329976,0.101684,0.0572548,0.0376071,0.0474972,0.0543291,0.0511293,0.102204,0.0812413,0.0589999,0.0350916,0.0135542,0.0241536,0.0,0.0,0.0,0.0
inTube15,0.0607744,0.00972669,0.0479493,0.0547882,0.0266003,0.0740532,0.0283636,0.0329976,0.101684,0.0572548,0.0376071,0.0474972,0.0543291,0.0511293,0.102204,0.0812413,0.0589999,0.0350916,0.0135542,0.0241536,0.0,0.0,0.0,0.0
inTube16,0.0607744,0.00972669,0.0479493,0.0547882,0.0266003,0.0740532,0.0283636,0.0329976,0.101684,0.0572548,0.0376071,0.0474972,0.0543291,0.0511293,0.102204,0.0812413,0.0589999,0.0350916,0.0135542,0.0241536,0.0,0.0,0.0,0.0
inTube17,0.0607744,0.00972669,0.0479493,0.0547882,0.0266003,0.0740532,0.0283636,0.0329976,0.101684,0.0572548,0.0376071,0.0474972,0.0543291,0.0511293,0.102204,0.0812413,0.0589999,0.0350916,0.0135542,0.0241536,0.0,0.0,0.0,0.0
inTube18,0.0607744,0.00972669,0.0479493,0.0547882,0.0266003,0.0740532,0.0283636,0.0329976,0.101684,0.0572548,0.0376071,0.0474972,0.0543291,0.0511293,0.102204,0.0812413,0.0589999,0.0350916,0.0135542,0.0241536,0.0,0.0,0.0,0.0
inTube19,0.0607744,0.00972669,0.0479493,0.0547882,0.0266003,0.0740532,0.0283636,0.0329976,0.101684,0.0572548,0.0376071,0.0474972,0.0543291,0.0511293,0.102204,0.0812413,0.0589999,0.0350916,0.0135542,0.0241536,0.0,0.0,0.0,0.0
inTube20,0.0607744,0.00972669,0.0479493,0.0547882,0.0266003,0.0740532,0.0283636,0.0329976,0.101684,0.0572548,0.0376071,0.0474972,0.0543291,0.0511293,0.102204,0.0812413,0.0589999,0.0350916,0.0135542,0.0241536,0.0,0.0,0.0,0.0
outTube1,0.0642274,0.00832113,0.0695421,0.0660362,0.0314074,0.0903915,0.0254064,0.0243502,0.0485743,0.0728181,0.0268367,0.0562668,0.0808252,0.0391411,0.0412564,0.0848509,0.0700085,0.0501422,0.0202332,0.0293644,0.0,0.0,0.0,0.0
outTube2,0.0642274,0.00832113,0.0695421,0.0660362,0.0314074,0.0903915,0.0254064,0.0243502,0.0485743,0.0728181,0.0268367,0.0562668,0.0808252,0.0391411,0.0412564,0.0848509,0.0700085,0.0501422,0.0202332,0.0293644,0.0,0.0,0.0,0.0
outTube3,0.0642274,0.00832113,0.0695421,0.0660362,0.0314074,0.0903915,0.0254064,0.0243502,0.0485743,0.0728181,0.0268367,0.0562668,0.0808252,0.0391411,0.0412564,0.0848509,0.0700085,0.0501422,0.0202332,0.0293644,0.0,0.0,0.0,0.0
outTube4,0.0642274,0.00832113,0.0695421,0.0660362,0.0314074,0.0903915,0.0254064,0.0243502,0.0485743,0.0728181,0.0268367,0.0562668,0.0808252,0.0391411,0.0412564,0.0848509,0.0700085,0.0501422,0.0202332,0.0293644,0.0,0.0,0.0,0.0
outTube5,0.0642274,0.00832113,0.0695421,0.0660362,0.0314074,0.0903915,0.0254064,0.0243502,0.0485743,0.0728181,0.0268367,0.0562668,0.0808252,0.0391411,0.0412564,0.0848509,0.0700085,0.0501422,0.0202332,0.0293644,0.0,0.0,0.0,0.0
outTube6,0.0642274,0.00832113,0.0695421,0.0660362,0.0314074,0.0903915,0.0254064,0.0243502,0.0485743,0.0728181,0.0268367,0.0562668,0.0808252,0.0391411,0.0412564,0.0848509,0.0700085,0.0501422,0.0202332,0.0293644,0.0,0.0,0.0,0.0
outTube7,0.0642274,0.00832113,0.0695421,0.0660362,0.0314074,0.0903915,0.0254064,0.0243502,0.0485743,0.0728181,0.0268367,0.0562668,0.0808252,0.0391411,0.0412564,0.0848509,0.0700085,0.0501422,0.0202332,0.0293644,0.0,0.0,0.0,0.0
outTube8,0.0642274,0.00832113,0.0695421,0.0660362,0.0314074,0.0903915,0.0254064,0.0243502,0.0485743,0.0728181,0.0268367,0.0562668,0.0808252,0.0391411,0.0412564,0.0848509,0.0700085,0.0501422,0.0202332,0.0293644,0.0,0.0,0.0,0.0
outTube9,0.0642274,0.00832113,0.0695421,0.0660362,0.0314074,0.0903915,0.0254064,0.0243502,0.0485743,0.0728181,0.0268367,0.0562668,0.0808252,0.0391411,0.0412564,0.0848509,0.0700085,0.0501422,0.0202332,0.0293644,0.0,0.0,0.0,0.0
outTube10,0.0642274,0.00832113,0.0695421,0.0660362,0.0314074,0.0903915,0.0254064,0.0243502,0.0485743,0.0728181,0.0268367,0.0562668,0.0808252,0.0391411,0.0412564,0.0848509,0.0700085,0.0501422,0.0202332,0.0293644,0.0,0.0,0.0,0.0
outGlob1,0.0855517,0.0203865,0.0691197,0.0707401,0.0269241,0.101917,0.0279045,0.0356139,0.0443177,0.0560563,0.0157066,0.0522558,0.0657199,0.0461867,0.0364072,0.074832,0.0766938,0.0542129,0.0144144,0.0250388,0.0,0.0,0.0,0.0
outTube11,0.0642274,0.00832113,0.0695421,0.0660362,0.0314074,0.0903915,0.0254064,0.0243502,0.0485743,0.0728181,0.0268367,0.0562668,0.0808252,0.0391411,0.0412564,0.0848509,0.0700085,0.0501422,0.0202332,0.0293644,0.0,0.0,0.0,0.0
outTube12,0.0642274,0.00832113,0.0695421,0.0660362,0.0314074,0.0903915,0.0254064,0.0243502,0.0485743,0.0728181,0.0268367,0.0562668,0.0808252,0.0391411,0.0412564,0.0848509,0.0700085,0.0501422,0.0202332,0.0293644,0.0,0.0,0.0,0.0
outTube13,0.0642274,0.00832113,0.0695421,0.0660362,0.0314074,0.0903915,0.0254064,0.0243502,0.0485743,0.0728181,0.0268367,0.0562668,0.0808252,0.0391411,0.0412564,0.0848509,0.0700085,0.0501422,0.0202332,0.0293644,0.0,0.0,0.0,0.0
outTube14,0.0642274,0.00832113,0.0695421,0.0660362,0.0314074,0.0903915,0.0254064,0.0243502,0.0485743,0.0728181,0.0268367,0.0562668,0.0808252,0.0391411,0.0412564,0.0848509,0.0700085,0.0501422,0.0202332,0.0293644,0.0,0.0,0.0,0.0
outTube15,0.0642274,0.00832113,0.0695421,0.0660362,0.0314074,0.0903915,0.0254064,0.0243502,0.0485743,0.0728181,0.0268367,0.0562668,0.0808252,0.0391411,0.0412564,0.0848509,0.0700085,0.0501422,0.0202332,0.0293644,0.0,0.0,0.0,0.0
outTube16,0.0642274,0.00832113,0.0695421,0.0660362,0.0314074,0.0903915,0.0254064,0.0243502,0.0485743,0.0728181,0.0268367,0.0562668,0.0808252,0.0391411,0.0412564,0.0848509,0.0700085,0.0501422,0.0202332,0.0293644,0.0,0.0,0.0,0.0
outTube17,0.0642274,0.00832113,0.0695421,0.0660362,0.0314074,0.0903915,0.0254064,0.0243502,0.0485743,0.0728181,0.0268367,0.0562668,0.0808252,0.0391411,0.0412564,0.0848509,0.0700085,0.0501422,0.0202332,0.0293644,0.0,0.0,0.0,0.0
outTube18,0.0642274,0.00832113,0.0695421,0.0660362,0.0314074,0.0903915,0.0254064,0.0243502,0.0485743,0.0728181,0.0268367,0.0562668,0.0808252,0.0391411,0.0412564,0.0848509,0.0700085,0.0501422,0.0202332,0.0293644,0.0,0.0,0.0,0.0
outTube19,0.0642274,0.00832113,0.0695421,0.0660362,0.0314074,0.0903915,0.0254064,0.0243502,0.0485743,0.0728181,0.0268367,0.0562668,0.0808252,0.0391411,0.0412564,0.0848509,0.0700085,0.0501422,0.0202332,0.0293644,0.0,0.0,0.0,0.0
outTube20,0.0642274,0.00832113,0.0695421,0.0660362,0.0314074,0.0903915,0.0254064,0.0243502,0.0485743,0.0728181,0.0268367,0.0562668,0.0808252,0.0391411,0.0412564,0.0848509,0.0700085,0.0501422,0.0202332,0.0293644,0.0,0.0,0.0,0.0
outLTube1,0.0703948,0.0287043,0.0600935,0.0636231,0.0265664,0.0744094,0.0268834,0.0352264,0.0542929,0.0563367,0.0198847,0.0600426,0.0729968,0.0546098,0.0482827,0.0901578,0.0770655,0.0487721,0.00927533,0.0223817,0.0,0.0,0.0,0.0
outLTube2,0.0703948,0.0287043,0.0600935,0.0636231,0.0265664,0.0744094,0.0268834,0.0352264,0.0542929,0.0563367,0.0198847,0.0600426,0.0729968,0.0546098,0.0482827,0.0901578,0.0770655,0.0487721,0.00927533,0.0223817,0.0,0.0,0.0,0.0
outLTube3,0.0703948,0.0287043,0.0600935,0.0636231,0.0265664,0.0744094,0.0268834,0.0352264,0.0542929,0.0563367,0.0198847,0.0600426,0.0729968,0.0546098,0.0482827,0.0901578,0.0770655,0.0487721,0.00927533,0.0223817,0.0,0.0,0.0,0.0
outLTube4,0.0703948,0.0287043,0.0600935,0.0636231,0.0265664,0.0744094,0.0268834,0.0352264,0.0542929,0.0563367,0.0198847,0.0600426,0.0729968,0.0546098,0.0482827,0.0901578,0.0770655,0.0487721,0.00927533,0.0223817,0.0,0.0,0.0,0.0
outLTube5,0.0703948,0.0287043,0.0600935,0.0636231,0.0265664,0.0744094,0.0268834,0.0352264,0.0542929,0.0563367,0.0198847,0.0600426,0.0729968,0.0546098,0.0482827,0.0901578,0.0770655,0.0487721,0.00927533,0.0223817,0.0,0.0,0.0,0.0
outLTube6,0.0703948,0.0287043,0.0600935,0.0636231,0.0265664,0.0744094,0.0268834,0.0352264,0.0542929,0.0563367,0.0198847,0.0600426,0.0729968,0.0546098,0.0482827,0.0901578,0.0770655,0.0487721,0.00927533,0.0223817,0.0,0.0,0.0,0.0
outLTube7,0.0703948,0.0287043,0.0600935,0.0636231,0.0265664,0.0744094,0.0268834,0.0352264,0.0542929,0.0563367,0.0198847,0.0600426,0.0729968,0.0546098,0.0482827,0.0901578,0.0770655,0.0487721,0.00927533,0.0223817,0.0,0.0,0.0,0.0
outLTube8,0.0703948,0.0287043,0.0600935,0.0636231,0.0265664,0.0744094,0.0268834,0.0352264,0.0542929,0.0563367,0.0198847,0.0600426,0.0729968,0.0546098,0.0482827,0.0901578,0.0770655,0.0487721,0.00927533,0.0223817,0.0,0.0,0.0,0.0
outLTube9,0.0703948,0.0287043,0.0600935,0.0636231,0.0265664,0.0744094,0.0268834,0.0352264,0.0542929,0.0563367,0.0198847,0.0600426,0.0729968,0.0546098,0.0482827,0.0901578,0.0770655,0.0487721,0.00927533,0.0223817,0.0,0.0,0.0,0.0
outLTube10,0.0703948,0.0287043,0.0600935,0.0636231,0.0265664,0.0744094,0.0268834,0.0352264,0.0542929,0.0563367,0.0198847,0.0600426,0.0729968,0.0546098,0.0482827,0.0901578,0.0770655,0.0487721,0.00927533,0.0223817,0.0,0.0,0.0,0.0
outLGlob1,0.0855517,0.0203865,0.0691197,0.0707401,0.0269241,0.101917,0.0279045,0.0356139,0.0443177,0.0560563,0.0157066,0.0522558,0.0657199,0.0461867,0.0364072,0.074832,0.0766938,0.0542129,0.0144144,0.0250388,0.0,0.0,0.0,0.0
outLGlob2,0.0855517,0.0203865,0.0691197,0.0707401,0.0269241,0.101917,0.0279045,0.0356139,0.0443177,0.0560563,0.0157066,0.0522558,0.0657199,0.0461867,0.0364072,0.074832,0.0766938,0.0542129,0.0144144,0.0250388,0.0,0.0,0.0,0.0
outLGlob3,0.0855517,0.0203865,0.0691197,0.0707401,0.0269241,0.101917,0.0279045,0.0356139,0.0443177,0.0560563,0.0157066,0.0522558,0.0657199,0.0461867,0.0364072,0.074832,0.0766938,0.0542129,0.0144144,0.0250388,0.0,0.0,0.0,0.0
outLTube11,0.0703948,0.0287043,0.0600935,0.0636231,0.0265664,0.0744094,0.0268834,0.0352264,0.0542929,0.0563367,0.0198847,0.0600426,0.0729968,0.0546098,0.0482827,0.0901578,0.0770655,0.0487721,0.00927533,0.0223817,0.0,0.0,0.0,0.0
outLTube12,0.0703948,0.0287043,0.0600935,0.0636231,0.0265664,0.0744094,0.0268834,0.0352264,0.0542929,0.0563367,0.0198847,0.0600426,0.0729968,0.0546098,0.0482827,0.0901578,0.0770655,0.0487721,0.00927533,0.0223817,0.0,0.0,0.0,0.0
outLTube13,0.0703948,0.0287043,0.0600935,0.0636231,0.0265664,0.0744094,0.0268834,0.0352264,0.0542929,0.0563367,0.0198847,0.0600426,0.0729968,0.0546098,0.0482827,0.0901578,0.0770655,0.0487721,0.00927533,0.0223817,0.0,0.0,0.0,0.0
outLTube14,0.0703948,0.0287043,0.0600935,0.0636231,0.0265664,0.0744094,0.0268834,0.0352264,0.0542929,0.0563367,0.0198847,0.0600426,0.0729968,0.0546098,0.0482827,0.0901578,0.0770655,0.0487721,0.00927533,0.0223817,0.0,0.0,0.0,0.0
outLTube15,0.0703948,0.0287043,0.0600935,0.0636231,0.0265664,0.0744094,0.0268834,0.0352264,0.0542929,0.0563367,0.0198847,0.0600426,0.0729968,0.0546098,0.0482827,0.0901578,0.0770655,0.0487721,0.00927533,0.0223817,0.0,0.0,0.0,0.0
outLTube16,0.0703948,0.0287043,0.0600935,0.0636231,0.0265664,0.0744094,0.0268834,0.0352264,0.0542929,0.0563367,0.0198847,0.0600426,0.0729968,0.0546098,0.0482827,0.0901578,0.0770655,0.0487721,0.00927533,0.0223817,0.0,0.0,0.0,0.0
outLTube17,0.0703948,0.0287043,0.0600935,0.0636231,0.0265664,0.0744094,0.0268834,0.0352264,0.0542929,0.0563367,0.0198847,0.0600426,0.0729968,0.0546098,0.0482827,0.0901578,0.0770655,0.0487721,0.00927533,0.0223817,0.0,0.0,0.0,0.0
outLTube18,0.0703948,0.0287043,0.0600935,0.0636231,0.0265664,0.0744094,0.0268834,0.0352264,0.0542929,0.0563367,0.0198847,0.0600426,0.0729968,0.0546098,0.0482827,0.0901578,0.0770655,0.0487721,0.00927533,0.0223817,0.0,0.0,0.0,0.0
outLTube19,0.0703948,0.0287043,0.0600935,0.0636231,0.0265664,0.0744094,0.0268834,0.0352264,0.0542929,0.0563367,0.0198847,0.0600426,0.0729968,0.0546098,0.0482827,0.0901578,0.0770655,0.0487721,0.00927533,0.0223817,0.0,0.0,0.0,0.0
outLTube20,0.0703948,0.0287043,0.0600935,0.0636231,0.0265664,0.0744094,0.0268834,0.0352264,0.0542929,0.0563367,0.0198847,0.0600426,0.0729968,0.0546098,0.0482827,0.0901578,0.0770655,0.0487721,0.00927533,0.0223817,0.0,0.0,0.0,0.0
met1,0.0,0.0,0.0,0.0,0.0,0.0,0.0,0.0,0.0,0.0,0.0,0.0,0.0,0.0,0.0,0.0,0.0,0.0,0.0,0.0,0.0,0.0,0.0,0.0
n10,0.0551696,0.00580494,0.0160282,0.0190988,0.0325919,0.0425621,0.0187314,0.0242282,0.129979,0.0440828,0.191277,0.0404248,0.0482262,0.0267165,0.118227,0.0812626,0.0451636,0.0247506,0.018296,0.017379,0.0,0.0,0.0,0.0
n9,0.0551696,0.00580494,0.0160282,0.0190988,0.0325919,0.0425621,0.0187314,0.0242282,0.129979,0.0440828,0.191277,0.0404248,0.0482262,0.0267165,0.118227,0.0812626,0.0451636,0.0247506,0.018296,0.017379,0.0,0.0,0.0,0.0
n8,0.0551696,0.00580494,0.0160282,0.0190988,0.0325919,0.0425621,0.0187314,0.0242282,0.129979,0.0440828,0.191277,0.0404248,0.0482262,0.0267165,0.118227,0.0812626,0.0451636,0.0247506,0.018296,0.017379,0.0,0.0,0.0,0.0
n7,0.0551696,0.00580494,0.0160282,0.0190988,0.0325919,0.0425621,0.0187314,0.0242282,0.129979,0.0440828,0.191277,0.0404248,0.0482262,0.0267165,0.118227,0.0812626,0.0451636,0.0247506,0.018296,0.017379,0.0,0.0,0.0,0.0
n6,0.0551696,0.00580494,0.0160282,0.0190988,0.0325919,0.0425621,0.0187314,0.0242282,0.129979,0.0440828,0.191277,0.0404248,0.0482262,0.0267165,0.118227,0.0812626,0.0451636,0.0247506,0.018296,0.017379,0.0,0.0,0.0,0.0
n5,0.0551696,0.00580494,0.0160282,0.0190988,0.0325919,0.0425621,0.0187314,0.0242282,0.129979,0.0440828,0.191277,0.0404248,0.0482262,0.0267165,0.118227,0.0812626,0.0451636,0.0247506,0.018296,0.017379,0.0,0.0,0.0,0.0
n4,0.0551696,0.00580494,0.0160282,0.0190988,0.0325919,0.0425621,0.0187314,0.0242282,0.129979,0.0440828,0.191277,0.0404248,0.0482262,0.0267165,0.118227,0.0812626,0.0451636,0.0247506,0.018296,0.017379,0.0,0.0,0.0,0.0
n3,0.0551696,0.00580494,0.0160282,0.0190988,0.0325919,0.0425621,0.0187314,0.0242282,0.129979,0.0440828,0.191277,0.0404248,0.0482262,0.0267165,0.118227,0.0812626,0.0451636,0.0247506,0.018296,0.017379,0.0,0.0,0.0,0.0
n2,0.0551696,0.00580494,0.0160282,0.0190988,0.0325919,0.0425621,0.0187314,0.0242282,0.129979,0.0440828,0.191277,0.0404248,0.0482262,0.0267165,0.118227,0.0812626,0.0451636,0.0247506,0.018296,0.017379,0.0,0.0,0.0,0.0
n1,0.0551696,0.00580494,0.0160282,0.0190988,0.0325919,0.0425621,0.0187314,0.0242282,0.129979,0.0440828,0.191277,0.0404248,0.0482262,0.0267165,0.118227,0.0812626,0.0451636,0.0247506,0.018296,0.017379,0.0,0.0,0.0,0.0
hLengthDist,0.173005,0.0346139,0.000187223,0.00023587,0.0841187,0.0403658,0.00246032,0.0597377,0.000463266,0.374813,0.0134691,0.000643472,0.00800915,0.00522324,0.000626126,0.0423009,0.0456816,0.0976178,0.0133574,0.00307013,0.0,0.0,0.0,0.0
h20,0.173005,0.0346139,0.000187223,0.00023587,0.0841187,0.0403658,0.00246032,0.0597377,0.000463266,0.374813,0.0134691,0.000643472,0.00800915,0.00522324,0.000626126,0.0423009,0.0456816,0.0976178,0.0133574,0.00307013,0.0,0.0,0.0,0.0
h19,0.173005,0.0346139,0.000187223,0.00023587,0.0841187,0.0403658,0.00246032,0.0597377,0.000463266,0.374813,0.0134691,0.000643472,0.00800915,0.00522324,0.000626126,0.0423009,0.0456816,0.0976178,0.0133574,0.00307013,0.0,0.0,0.0,0.0
h18,0.173005,0.0346139,0.000187223,0.00023587,0.0841187,0.0403658,0.00246032,0.0597377,0.000463266,0.374813,0.0134691,0.000643472,0.00800915,0.00522324,0.000626126,0.0423009,0.0456816,0.0976178,0.0133574,0.00307013,0.0,0.0,0.0,0.0
h17,0.173005,0.0346139,0.000187223,0.00023587,0.0841187,0.0403658,0.00246032,0.0597377,0.000463266,0.374813,0.0134691,0.000643472,0.00800915,0.00522324,0.000626126,0.0423009,0.0456816,0.0976178,0.0133574,0.00307013,0.0,0.0,0.0,0.0
h16,0.173005,0.0346139,0.000187223,0.00023587,0.0841187,0.0403658,0.00246032,0.0597377,0.000463266,0.374813,0.0134691,0.000643472,0.00800915,0.00522324,0.000626126,0.0423009,0.0456816,0.0976178,0.0133574,0.00307013,0.0,0.0,0.0,0.0
h15,0.173005,0.0346139,0.000187223,0.00023587,0.0841187,0.0403658,0.00246032,0.0597377,0.000463266,0.374813,0.0134691,0.000643472,0.00800915,0.00522324,0.000626126,0.0423009,0.0456816,0.0976178,0.0133574,0.00307013,0.0,0.0,0.0,0.0
h14,0.173005,0.0346139,0.000187223,0.00023587,0.0841187,0.0403658,0.00246032,0.0597377,0.000463266,0.374813,0.0134691,0.000643472,0.00800915,0.00522324,0.000626126,0.0423009,0.0456816,0.0976178,0.0133574,0.00307013,0.0,0.0,0.0,0.0
h13,0.173005,0.0346139,0.000187223,0.00023587,0.0841187,0.0403658,0.00246032,0.0597377,0.000463266,0.374813,0.0134691,0.000643472,0.00800915,0.00522324,0.000626126,0.0423009,0.0456816,0.0976178,0.0133574,0.00307013,0.0,0.0,0.0,0.0
h12,0.173005,0.0346139,0.000187223,0.00023587,0.0841187,0.0403658,0.00246032,0.0597377,0.000463266,0.374813,0.0134691,0.000643472,0.00800915,0.00522324,0.000626126,0.0423009,0.0456816,0.0976178,0.0133574,0.00307013,0.0,0.0,0.0,0.0
h11,0.173005,0.0346139,0.000187223,0.00023587,0.0841187,0.0403658,0.00246032,0.0597377,0.000463266,0.374813,0.0134691,0.000643472,0.00800915,0.00522324,0.000626126,0.0423009,0.0456816,0.0976178,0.0133574,0.00307013,0.0,0.0,0.0,0.0
h10,0.173005,0.0346139,0.000187223,0.00023587,0.0841187,0.0403658,0.00246032,0.0597377,0.000463266,0.374813,0.0134691,0.000643472,0.00800915,0.00522324,0.000626126,0.0423009,0.0456816,0.0976178,0.0133574,0.00307013,0.0,0.0,0.0,0.0
h9,0.173005,0.0346139,0.000187223,0.00023587,0.0841187,0.0403658,0.00246032,0.0597377,0.000463266,0.374813,0.0134691,0.000643472,0.00800915,0.00522324,0.000626126,0.0423009,0.0456816,0.0976178,0.0133574,0.00307013,0.0,0.0,0.0,0.0
h8,0.173005,0.0346139,0.000187223,0.00023587,0.0841187,0.0403658,0.00246032,0.0597377,0.000463266,0.374813,0.0134691,0.000643472,0.00800915,0.00522324,0.000626126,0.0423009,0.0456816,0.0976178,0.0133574,0.00307013,0.0,0.0,0.0,0.0
h7,0.173005,0.0346139,0.000187223,0.00023587,0.0841187,0.0403658,0.00246032,0.0597377,0.000463266,0.374813,0.0134691,0.000643472,0.00800915,0.00522324,0.000626126,0.0423009,0.0456816,0.0976178,0.0133574,0.00307013,0.0,0.0,0.0,0.0
h6,0.173005,0.0346139,0.000187223,0.00023587,0.0841187,0.0403658,0.00246032,0.0597377,0.000463266,0.374813,0.0134691,0.000643472,0.00800915,0.00522324,0.000626126,0.0423009,0.0456816,0.0976178,0.0133574,0.00307013,0.0,0.0,0.0,0.0
h5,0.173005,0.0346139,0.000187223,0.00023587,0.0841187,0.0403658,0.00246032,0.0597377,0.000463266,0.374813,0.0134691,0.000643472,0.00800915,0.00522324,0.000626126,0.0423009,0.0456816,0.0976178,0.0133574,0.00307013,0.0,0.0,0.0,0.0
h4,0.173005,0.0346139,0.000187223,0.00023587,0.0841187,0.0403658,0.00246032,0.0597377,0.000463266,0.374813,0.0134691,0.000643472,0.00800915,0.00522324,0.000626126,0.0423009,0.0456816,0.0976178,0.0133574,0.00307013,0.0,0.0,0.0,0.0
h3,0.173005,0.0346139,0.000187223,0.00023587,0.0841187,0.0403658,0.00246032,0.0597377,0.000463266,0.374813,0.0134691,0.000643472,0.00800915,0.00522324,0.000626126,0.0423009,0.0456816,0.0976178,0.0133574,0.00307013,0.0,0.0,0.0,0.0
h2,0.173005,0.0346139,0.000187223,0.00023587,0.0841187,0.0403658,0.00246032,0.0597377,0.000463266,0.374813,0.0134691,0.000643472,0.00800915,0.00522324,0.000626126,0.0423009,0.0456816,0.0976178,0.0133574,0.00307013,0.0,0.0,0.0,0.0
cLen12,0.167985,0.0146456,0.0198603,0.0202344,0.0423194,0.113601,0.0249327,0.0316567,0.00738758,0.0812525,0.0595109,0.032481,0.0583619,0.0392684,0.0182265,0.127474,0.064851,0.0562994,0.00840217,0.0112499,0.0,0.0,0.0,0.0
cLen11,0.167985,0.0146456,0.0198603,0.0202344,0.0423194,0.113601,0.0249327,0.0316567,0.00738758,0.0812525,0.0595109,0.032481,0.0583619,0.0392684,0.0182265,0.127474,0.064851,0.0562994,0.00840217,0.0112499,0.0,0.0,0.0,0.0
cLen10,0.167985,0.0146456,0.0198603,0.0202344,0.0423194,0.113601,0.0249327,0.0316567,0.00738758,0.0812525,0.0595109,0.032481,0.0583619,0.0392684,0.0182265,0.127474,0.064851,0.0562994,0.00840217,0.0112499,0.0,0.0,0.0,0.0
cLen9,0.167985,0.0146456,0.0198603,0.0202344,0.0423194,0.113601,0.0249327,0.0316567,0.00738758,0.0812525,0.0595109,0.032481,0.0583619,0.0392684,0.0182265,0.127474,0.064851,0.0562994,0.00840217,0.0112499,0.0,0.0,0.0,0.0
cLen8,0.167985,0.0146456,0.0198603,0.0202344,0.0423194,0.113601,0.0249327,0.0316567,0.00738758,0.0812525,0.0595109,0.032481,0.0583619,0.0392684,0.0182265,0.127474,0.064851,0.0562994,0.00840217,0.0112499,0.0,0.0,0.0,0.0
cLen7,0.167985,0.0146456,0.0198603,0.0202344,0.0423194,0.113601,0.0249327,0.0316567,0.00738758,0.0812525,0.0595109,0.032481,0.0583619,0.0392684,0.0182265,0.127474,0.064851,0.0562994,0.00840217,0.0112499,0.0,0.0,0.0,0.0
cLen6,0.167985,0.0146456,0.0198603,0.0202344,0.0423194,0.113601,0.0249327,0.0316567,0.00738758,0.0812525,0.0595109,0.032481,0.0583619,0.0392684,0.0182265,0.127474,0.064851,0.0562994,0.00840217,0.0112499,0.0,0.0,0.0,0.0
cLen5,0.167985,0.0146456,0.0198603,0.0202344,0.0423194,0.113601,0.0249327,0.0316567,0.00738758,0.0812525,0.0595109,0.032481,0.0583619,0.0392684,0.0182265,0.127474,0.064851,0.0562994,0.00840217,0.0112499,0.0,0.0,0.0,0.0
cLen4,0.167985,0.0146456,0.0198603,0.0202344,0.0423194,0.113601,0.0249327,0.0316567,0.00738758,0.0812525,0.0595109,0.032481,0.0583619,0.0392684,0.0182265,0.127474,0.064851,0.0562994,0.00840217,0.0112499,0.0,0.0,0.0,0.0
cLen3,0.167985,0.0146456,0.0198603,0.0202344,0.0423194,0.113601,0.0249327,0.0316567,0.00738758,0.0812525,0.0595109,0.032481,0.0583619,0.0392684,0.0182265,0.127474,0.064851,0.0562994,0.00840217,0.0112499,0.0,0.0,0.0,0.0
cLen2,0.167985,0.0146456,0.0198603,0.0202344,0.0423194,0.113601,0.0249327,0.0316567,0.00738758,0.0812525,0.0595109,0.032481,0.0583619,0.0392684,0.0182265,0.127474,0.064851,0.0562994,0.00840217,0.0112499,0.0,0.0,0.0,0.0
cLen1,0.167985,0.0146456,0.0198603,0.0202344,0.0423194,0.113601,0.0249327,0.0316567,0.00738758,0.0812525,0.0595109,0.032481,0.0583619,0.0392684,0.0182265,0.127474,0.064851,0.0562994,0.00840217,0.0112499,0.0,0.0,0.0,0.0
c61,0.209503,0.00744132,0.0223232,0.0162452,0.0153743,0.0572338,0.00879371,0.0498922,0.00992596,0.0318251,0.0290503,0.0183869,0.163209,0.0277875,0.0122931,0.178252,0.0563445,0.0731633,0.0113742,0.00158136,0.0,0.0,0.0,0.0
c51,0.174196,0.0117292,0.0175319,0.0153332,0.0175526,0.136349,0.0323242,0.00582357,0.0181259,0.0207909,0.0102728,0.0386603,0.0921439,0.0553397,0.0258472,0.162702,0.106638,0.0327814,0.0157167,0.0101417,0.0,0.0,0.0,0.0
c41,0.111205,0.0145481,0.0117094,0.0270162,0.0186407,0.101593,0.0105833,0.0283312,0.0214399,0.116363,0.0183943,0.0246195,0.117146,0.0470865,0.0264475,0.11843,0.0894151,0.0743888,0.00561218,0.0170308,0.0,0.0,0.0,0.0
c31,0.404185,0.0453454,0.00347181,0.00639591,0.0067424,0.0581854,0.00162113,0.02451,0.00241839,0.0418373,0.00274937,0.0028961,0.00359848,0.00408915,0.00621568,0.114553,0.0703155,0.20087,0.0,0.0,0.0,0.0,0.0,0.0
c21,0.0751131,0.0134248,0.0334501,0.0630904,0.058198,0.0267444,0.0638714,0.0198329,0.0228952,0.135616,0.0261913,0.053135,0.00983546,0.0907701,0.048062,0.119674,0.0386488,0.0383909,0.024699,0.0383575,0.0,0.0,0.0,0.0
c11,0.628613,0.0306724,0.0024373,0.00130157,0.00318315,0.14449,0.0,0.00127384,0.00464729,0.00890736,0.00276321,0.0044395,0.0202873,0.0092039,0.0148771,0.0955014,0.0237614,0.00364001,0.0,0.0,0.0,0.0,0.0,0.0
cut1,0.257409,0.0131208,0.080499,0.089053,0.0222666,0.0633485,0.020514,0.0280224,0.0477575,0.0433345,0.0070533,0.0228958,0.0,0.0875093,0.0227472,0.0800079,0.0402441,0.0463846,0.00921612,0.0186164,0.0,0.0,0.0,0.0
mo21,0.06115,0.0202683,0.105331,0.104692,0.012587,0.0686365,0.019332,0.0334009,0.0415548,0.0253671,0.00804221,0.0386337,0.140044,0.0517273,0.0288414,0.0830857,0.0816898,0.0560824,0.0079082,0.0116246,0.0,0.0,0.0,0.0
mo31,0.0715979,0.0373075,0.051807,0.0521517,0.0353813,0.0777868,0.0174449,0.0448217,0.034139,0.0790923,0.0156242,0.0482469,0.0748978,0.0440326,0.0211338,0.0685273,0.0943044,0.0873459,0.012095,0.0322619,0.0,0.0,0.0,0.0
mo41,0.080055,0.0338385,0.0630121,0.0590705,0.0270324,0.0882944,0.0193693,0.0366803,0.054021,0.0473739,0.0129397,0.0349061,0.115914,0.048188,0.0319152,0.0706081,0.0859496,0.0564681,0.0152268,0.0191373,0.0,0.0,0.0,0.0
mO21,0.06115,0.0202683,0.105331,0.104692,0.012587,0.0686365,0.019332,0.0334009,0.0415548,0.0253671,0.00804221,0.0386337,0.140044,0.0517273,0.0288414,0.0830857,0.0816898,0.0560824,0.0079082,0.0116246,0.0,0.0,0.0,0.0
mO31,0.0715979,0.0373075,0.051807,0.0521517,0.0353813,0.0777868,0.0174449,0.0448217,0.034139,0.0790923,0.0156242,0.0482469,0.0748978,0.0440326,0.0211338,0.0685273,0.0943044,0.0873459,0.012095,0.0322619,0.0,0.0,0.0,0.0
mO41,0.080055,0.0338385,0.0630121,0.0590705,0.0270324,0.0882944,0.0193693,0.0366803,0.054021,0.0473739,0.0129397,0.0349061,0.115914,0.048188,0.0319152,0.0706081,0.0859496,0.0564681,0.0152268,0.0191373,0.0,0.0,0.0,0.0
